from_id,to_id,travel_time,routes,board_stops,alight_stops,ride_times,access_time,egress_time,transfer_time,wait_times,total_time,n_iterations
0,14996,63.0,"['J05', 'L5V', 'L6', '507c']","['PJ276', '31', '61', 'PD115']","['PJ97', '61', '105', 'PD590']","[10.4, 16.3, 2.4, 4.9]",4.3,11.3,7.1,"[6.0, 2.6, 1.7, 1.1]",68.0,1
1,14996,48.0,"['301', 'L3', '325']","['PB1970', '12', 'PD428']","['PA48', '35', 'PD892']","[4.1, 9.5, 18.0]",0.6,4.7,5.4,"[1.4, 2.6, 3.4]",49.8,2
2,14996,52.0,"['102', 'L6', '519']","['PH44', '101', 'PD115']","['PI58', '105', 'PD590']","[3.0, 15.4, 5.1]",5.4,11.3,5.9,"[2.3, 2.8, 1.7]",53.0,1
3,14996,78.0,"['H06', 'MTN', 'L6', '508']","['PH76', 'PT0214', '102', 'PD529']","['PH563', 'PT0212', '105', 'PD530']","[7.5, 4.6, 12.6, 3.0]",24.7,12.0,7.1,"[1.6, 1.5, 2.1, 4.0]",80.8,1
4,14996,53.0,"['I10', 'L5R', '519']","['PI86', '76', 'PD427']","['PA191', '35', 'PD590']","[2.7, 12.3, 15.0]",2.0,11.3,2.8,"[3.7, 3.3, 2.6]",55.8,3
5,14996,32.0,"['506', '506e']","['PA442', 'PD524']","['PD524', 'PD590']","[1.6, 10.6]",5.3,11.3,0.0,"[2.4, 1.1]",32.4,1
6,14996,64.0,"['I16', 'L6', '519']","['PI1167', '101', 'PD115']","['PI1586', '105', 'PD590']","[3.0, 15.4, 5.1]",5.1,11.3,19.8,"[1.5, 2.5, 1.9]",65.7,1
7,14996,63.0,"['I16', 'L6', '519']","['PI1167', '101', 'PD115']","['PI1586', '105', 'PD590']","[3.0, 15.4, 5.1]",5.1,11.3,19.8,"[1.4, 3.3, 1.0]",65.4,1
8,14996,47.0,"['L4A', 'L4V', '516']","['43', '99', 'PD553']","['99', '79', 'PD579']","[4.3, 8.7, 5.4]",7.8,11.4,2.8,"[5.7, 3.2, 1.3]",50.6,2
9,14996,49.0,"['210e', 'L4V', '506']","['PE121', '98', 'PD553']","['PE126', '79', 'PD579']","[6.2, 10.3, 5.0]",12.5,11.4,3.3,"[1.7, 2.1, 2.2]",54.7,1
10,14996,39.0,"['L1', 'L3', 'L6', '106']","['46', '15', '106', 'PD529']","['15', '106', '105', 'PD61']","[0.8, 10.2, 1.4, 2.7]",0.5,11.1,4.0,"[1.3, 3.9, 1.4, 1.8]",39.0,1
11,14996,56.0,"['H14', 'L5V', 'L6', '506e', '325']","['PH1486', '65', '61', 'PD115', 'PD530']","['PE1', '61', '105', 'PD590', 'PD892']","[14.9, 7.5, 2.4, 5.1, 1.5]",1.2,4.7,7.8,"[3.4, 3.5, 1.1, 1.4, 1.2]",55.8,1
12,14996,38.0,"['L6', '508', '325']","['29', 'PD529', 'PD530']","['105', 'PD530', 'PD892']","[7.3, 2.2, 1.5]",10.7,4.7,4.0,"[1.4, 4.1, 2.1]",38.0,2
13,14996,50.0,"['L4A', 'L4V', '511']","['92', '99', 'PD553']","['99', '79', 'PD556']","[6.6, 8.7, 5.4]",7.6,12.6,2.8,"[4.3, 2.8, 1.5]",52.2,1
14,14996,39.0,"['204', '506']","['PA129', 'PA666']","['PA132', 'PD590']","[4.4, 14.8]",2.2,11.3,1.2,"[4.6, 1.6]",40.1,1
15,14996,42.0,"['E06', 'L4V', '519']","['PE159', '99', 'PD553']","['PE1296', '79', 'PD579']","[1.9, 8.7, 5.4]",4.2,11.4,4.4,"[1.2, 2.8, 1.6]",41.8,1
16,14996,70.0,"['119', 'G12', 'L2V', 'L6', '506']","['PG422', 'PH287', '39', '29', 'PD115']","['PH287', 'PG264', '29', '105', 'PD590']","[8.1, 7.9, 10.7, 7.3, 4.2]",4.2,11.3,7.4,"[2.3, 2.1, 1.3, 2.0, 1.1]",70.1,1
17,14996,71.0,"['428e', 'L3', 'L2R', 'L6', '508']","['PB491', '108', '12', '29', 'PD529']","['PB1979', '12', '29', '105', 'PD530']","[5.6, 11.4, 8.4, 7.3, 3.0]",2.2,12.0,9.9,"[1.5, 1.5, 1.3, 1.6, 1.2]",66.9,1
18,14996,62.0,"['301', 'L3', '325']","['PB377', '12', 'PD350']","['PA48', '106', 'PD892']","[14.9, 13.5, 8.7]",4.6,4.7,5.3,"[1.3, 3.2, 1.2]",57.5,1
19,14996,50.0,"['121', 'L6', '508']","['PA313', '103', 'PD529']","['PH293', '105', 'PD530']","[8.4, 10.2, 3.0]",9.8,12.0,5.0,"[1.3, 4.2, 3.0]",56.9,1
20,14996,44.0,"['301', '507c']","['PA55', 'PA436']","['PA57', 'PD590']","[2.8, 23.0]",5.5,11.3,1.2,"[1.9, 1.3]",46.9,1
21,14996,49.0,"['L1', 'L3', '325']","['83', '15', 'PD428']","['15', '35', 'PD892']","[3.4, 6.2, 18.0]",9.0,4.7,3.3,"[1.6, 1.6, 2.8]",50.7,2
22,14996,43.0,"['204', '507c']","['PA116', 'PA440']","['PA121', 'PD590']","[5.3, 18.0]",4.5,11.3,1.5,"[1.4, 1.5]",43.5,1
23,14996,83.0,"['I24', 'L5V', 'L6', '106']","['PI200', '68', '61', 'PD529']","['PI1396', '61', '105', 'PD83']","[11.7, 35.1, 2.4, 2.1]",5.5,13.5,5.1,"[2.1, 2.1, 2.9, 1.8]",84.3,1
24,14996,89.0,"['314v', 'L3', '325']","['PB626', '108', 'PD111']","['PB1979', '117', 'PD892']","[25.1, 23.5, 12.1]",1.5,4.7,9.4,"[5.2, 2.9, 1.0]",85.4,2
25,14996,50.0,"['L3', '224']","['113', 'PD78']","['118', 'PD83']","[17.6, 5.3]",7.6,13.5,5.0,"[4.0, 1.8]",54.8,1
26,14996,49.0,"['E17', '106']","['PE54', 'PD145']","['PE62', 'PD98']","[8.9, 23.4]",2.7,10.6,2.5,"[1.0, 1.7]",50.8,1
27,14996,55.0,"['107', 'L1', 'L2R', 'L6', '508']","['PI64', '50', '44', '29', 'PD529']","['PI46', '44', '29', '105', 'PD530']","[3.6, 8.6, 4.3, 7.3, 3.0]",0.3,12.0,6.0,"[1.5, 1.3, 2.7, 1.2, 2.3]",54.2,1
28,14996,57.0,"['105', 'L5V', '506']","['PI84', '31', 'PD524']","['PJ45', '35', 'PD590']","[3.4, 13.7, 11.9]",5.8,11.3,8.0,"[1.2, 1.9, 2.2]",59.4,1
29,14996,64.0,"['J01', 'L5R', 'L6', '106']","['PJ583', '76', '61', 'PD529']","['PA1', '61', '105', 'PD61']","[12.9, 14.4, 2.4, 2.7]",4.2,11.1,5.5,"[7.6, 2.0, 3.6, 1.1]",67.6,1
30,14996,50.0,"['J02', 'L1', 'L2R', 'L6', '508']","['PA556', '38', '44', '29', 'PD529']","['PA558', '44', '29', '105', 'PD530']","[2.0, 2.3, 4.3, 7.3, 3.0]",1.4,12.0,6.8,"[1.5, 1.9, 1.2, 1.8, 4.4]",49.8,3
31,14996,62.0,"['F20', 'L2V', 'L6', '325']","['PG54', '39', '29', 'PD350']","['PG1583', '29', '106', 'PD892']","[7.4, 10.7, 9.2, 8.7]",2.6,4.7,6.3,"[2.8, 3.3, 4.3, 3.5]",63.6,1
32,14996,56.0,"['271', 'L4A', 'L4V', '507c']","['PG59', '39', '99', 'PD553']","['PG61', '99', '79', 'PD579']","[3.0, 10.6, 8.7, 5.5]",6.0,11.4,4.2,"[1.1, 1.3, 1.4, 1.8]",55.0,1
33,14996,54.0,"['206', 'L6', '106']","['PH156', '104', 'PD529']","['PH161', '105', 'PD61']","[7.7, 5.7, 2.7]",11.4,11.1,7.1,"[1.5, 2.0, 3.4]",52.6,1
34,14996,52.0,"['L2R', 'L6', '506']","['47', '29', 'PD115']","['29', '105', 'PD590']","[9.1, 7.3, 4.2]",11.1,11.3,4.8,"[1.4, 3.8, 1.3]",54.3,1
35,14996,55.0,"['L5V', '506']","['31', 'PD524']","['35', 'PD590']","[13.7, 11.9]",15.1,11.3,3.9,"[1.9, 1.6]",59.4,3
36,14996,42.0,"['L5R', 'L6', '325']","['54', '61', 'PD350']","['61', '106', 'PD892']","[8.9, 4.3, 8.7]",6.2,4.7,3.2,"[2.3, 1.2, 2.5]",42.1,2
37,14996,52.0,"['L1', 'L3', '325']","['26', '15', 'PD350']","['15', '106', 'PD892']","[5.8, 10.2, 8.5]",13.6,4.7,3.2,"[1.4, 3.3, 2.3]",53.1,2
38,14996,57.0,['212'],['PH151'],['PD98'],[41.0],6.7,10.6,0.0,[2.5],60.8,1
39,14996,49.0,"['L6', '506e']","['104', 'PD115']","['105', 'PD590']","[5.7, 5.1]",20.3,11.3,4.8,"[2.0, 1.7]",50.9,2
40,14996,47.0,"['L3', 'L6', '126']","['12', '106', 'PD529']","['106', '105', 'PD83']","[13.5, 1.4, 2.2]",9.6,13.5,4.0,"[1.9, 1.0, 2.1]",49.2,1
41,14996,67.0,"['G08', 'MTN', 'L6', '508']","['PG38', 'PT0216', '102', 'PD529']","['PG41', 'PT0212', '105', 'PD530']","[4.6, 11.7, 12.6, 3.0]",3.1,12.0,8.3,"[1.1, 3.7, 4.9, 2.2]",67.3,1
42,14996,66.0,"['MTN', 'L6', '106']","['PT0216', '102', 'PD529']","['PT0212', '105', 'PD83']","[11.7, 12.6, 2.1]",12.3,13.5,4.9,"[7.0, 2.7, 2.1]",68.9,2
43,14996,38.0,"['L6', '508', '325']","['29', 'PD529', 'PD530']","['105', 'PD530', 'PD892']","[7.3, 2.2, 1.5]",10.7,4.7,4.0,"[1.6, 2.2, 2.7]",37.0,2
44,14996,37.0,"['210v', 'L6', '508']","['PD1608', '61', 'PD529']","['PD204', '105', 'PD530']","[3.7, 2.4, 3.0]",4.6,12.0,6.6,"[1.2, 1.2, 2.9]",37.6,1
45,14996,51.0,"['107', 'L2V', 'L6', '506e', '325']","['PH31', '19', '29', 'PD115', 'PD530']","['PH34', '29', '105', 'PD590', 'PD892']","[4.1, 4.6, 7.3, 3.8, 1.5]",2.4,4.7,8.5,"[3.2, 1.5, 5.2, 1.3, 1.3]",49.4,1
46,14996,82.0,"['401', 'L5V', '325']","['PI376', '68', 'PD428']","['PI386', '35', 'PD892']","[15.5, 32.5, 18.0]",1.6,4.7,5.7,"[1.7, 1.8, 2.3]",83.8,1
47,14996,55.0,"['L1', 'L6', '106']","['58', '41', 'PD529']","['41', '105', 'PD83']","[6.7, 7.0, 2.1]",17.7,13.5,4.0,"[1.3, 2.6, 2.0]",57.0,1
48,14996,44.0,"['L5R', 'L6', '126']","['88', '61', 'PD529']","['61', '105', 'PD83']","[5.8, 2.4, 2.2]",11.4,13.5,4.0,"[1.8, 2.0, 1.1]",44.2,2
49,14996,43.0,"['205', 'L3', '106']","['PA149', '116', 'PD110']","['PA151', '117', 'PD61']","[3.6, 4.1, 10.5]",8.7,11.1,4.7,"[1.0, 1.9, 1.3]",47.2,1
50,14996,62.0,"['F08', 'L4V', '506']","['PF843', '34', 'PD553']","['PF748', '79', 'PD579']","[8.6, 19.6, 4.6]",6.9,11.4,5.9,"[1.4, 2.5, 1.3]",62.3,2
51,14996,49.0,"['H09', 'L2R', 'L6', '106']","['PH628', '45', '29', 'PD529']","['PH630', '29', '105', 'PD61']","[2.3, 2.8, 7.3, 2.7]",3.9,11.1,7.5,"[1.3, 1.7, 1.5, 5.0]",47.1,1
52,14996,,[],[],[],[],,,,[],,
53,14996,51.0,"['402', 'L5R', '325']","['PA600', '4', 'PD428']","['PA229', '35', 'PD892']","[3.2, 8.6, 18.0]",1.1,4.7,7.2,"[4.8, 1.3, 2.4]",51.3,1
54,14996,49.0,"['L2V', 'L6', '506']","['47', '29', 'PD115']","['29', '105', 'PD590']","[7.1, 7.3, 4.2]",9.9,11.3,4.8,"[3.1, 2.4, 1.9]",52.0,5
55,14996,40.0,"['L5V', 'L3', '106']","['6', '35', 'PD110']","['35', '117', 'PD61']","[3.4, 1.9, 10.5]",8.5,11.1,3.1,"[1.4, 2.5, 2.4]",44.9,1
56,14996,56.0,"['209', 'L4A', 'L4V', '507c']","['PG112', '92', '99', 'PD553']","['PG1616', '99', '79', 'PD579']","[6.9, 6.6, 8.7, 5.5]",2.9,11.4,6.1,"[1.6, 2.6, 2.0, 1.7]",56.0,1
57,14996,56.0,"['508', 'D16']","['PD616', 'PD638']","['PD638', 'PD914']","[28.5, 3.7]",8.1,8.9,0.0,"[2.6, 1.0]",52.8,1
58,14996,44.0,"['302', '506', '325']","['PA236', 'PA435', 'PD530']","['PA238', 'PD590', 'PD892']","[1.8, 21.8, 1.5]",3.7,4.7,2.0,"[2.6, 1.1, 1.5]",40.7,1
59,14996,63.0,"['307', 'L2R', 'L6', '507c']","['PB429', '12', '29', 'PD115']","['PA329', '29', '105', 'PD590']","[8.1, 8.4, 7.3, 4.9]",8.5,11.3,8.2,"[2.6, 1.2, 1.6, 1.4]",63.5,1
60,14996,44.0,['506e'],['PA433'],['PD590'],[29.7],5.5,11.3,0.0,[2.7],49.3,4
61,14996,58.0,"['125', 'L6', '106']","['PH89', '102', 'PD529']","['PH94', '105', 'PD83']","[9.8, 12.6, 2.1]",4.5,13.5,6.8,"[4.2, 2.8, 2.3]",58.6,1
62,14996,56.0,"['214', 'L3', '325']","['PB858', '113', 'PD428']","['PB901', '35', 'PD892']","[5.9, 12.0, 18.5]",4.4,4.7,4.3,"[1.3, 2.5, 2.4]",55.9,1
63,14996,58.0,"['G12', 'L2R', 'L6', '519']","['PG1160', '47', '29', 'PD115']","['PG1585', '29', '105', 'PD590']","[11.1, 9.1, 7.3, 5.1]",2.7,11.3,8.6,"[2.2, 1.4, 3.2, 1.7]",63.7,1
64,14996,43.0,"['L2V', 'L6', '508']","['19', '29', 'PD529']","['29', '105', 'PD530']","[4.6, 7.3, 2.2]",5.3,12.0,4.0,"[3.2, 3.1, 2.2]",43.9,3
65,14996,40.0,"['L4V', '506v']","['98', 'PD553']","['79', 'PD579']","[10.3, 5.4]",6.5,11.4,2.8,"[1.6, 2.2]",40.1,6
66,14996,40.0,"['L5R', 'L6', '508']","['64', '61', 'PD529']","['61', '105', 'PD530']","[4.3, 2.4, 3.0]",9.8,12.0,4.0,"[2.4, 3.8, 1.6]",43.4,2
67,14996,62.0,"['E02', 'L2V', 'L6', '325']","['PG438', '47', '29', 'PD350']","['PG1585', '29', '106', 'PD892']","[10.9, 7.1, 9.2, 8.5]",4.0,4.7,7.1,"[2.8, 1.6, 5.6, 2.1]",63.6,1
68,14996,43.0,"['L6', '508']","['29', 'PD529']","['105', 'PD530']","[7.3, 3.0]",11.8,12.0,4.0,"[3.7, 1.0]",42.7,5
69,14996,51.0,"['L2V', 'L6', '506']","['39', '29', 'PD115']","['29', '105', 'PD590']","[10.7, 7.3, 4.2]",6.4,11.3,4.8,"[2.0, 3.5, 1.6]",51.9,3
70,14996,56.0,"['I16', 'L1', 'L2R', 'L6', '508']","['PI1491', '97', '44', '29', 'PD529']","['PI1178', '44', '29', '105', 'PD530']","[5.6, 4.8, 4.3, 7.3, 3.0]",2.7,12.0,6.6,"[5.0, 1.9, 3.0, 1.3, 1.6]",59.0,2
71,14996,56.0,"['L3', '325']","['112', 'PD428']","['35', 'PD892']","[14.1, 18.0]",11.4,4.7,3.3,"[3.4, 2.3]",57.3,9
72,14996,51.0,"['D15', 'L4V', '516']","['PD1013', '86', 'PD553']","['PD759', '79', 'PD579']","[13.2, 4.5, 5.7]",4.2,11.4,4.7,"[1.7, 1.9, 1.7]",49.2,1
73,14996,67.0,"['MTN', 'L6', '126']","['PT0215', '102', 'PD529']","['PT0212', '105', 'PD83']","[9.8, 12.6, 2.2]",14.8,13.5,4.9,"[5.8, 4.4, 2.2]",70.2,1
74,14996,54.0,"['125', 'L6', '106']","['PA659', '102', 'PD529']","['PH108', '105', 'PD61']","[3.6, 12.6, 2.7]",12.3,11.1,5.1,"[1.2, 2.6, 3.8]",55.1,1
75,14996,53.0,"['H04', 'L6', '508']","['PH1472', '103', 'PD529']","['PH98', '105', 'PD530']","[2.0, 10.2, 3.0]",15.7,12.0,4.4,"[1.1, 2.8, 3.8]",55.0,1
76,14996,72.0,"['G12', 'L4A', 'L4V', '507']","['PH287', '39', '99', 'PD553']","['PG264', '99', '79', 'PD579']","[7.9, 10.6, 8.7, 5.5]",13.5,11.4,5.5,"[1.9, 2.0, 2.2, 1.5]",70.7,1
77,14996,56.0,"['109', 'L5V', '506e']","['PJ454', '31', 'PD524']","['PJ97', '35', 'PD590']","[2.3, 13.7, 14.3]",6.4,11.3,6.3,"[1.9, 1.1, 1.2]",58.4,1
78,14996,61.0,"['G18', 'L2R', 'L6', '325']","['PG1676', '39', '29', 'PD350']","['PG61', '29', '106', 'PD892']","[7.3, 12.4, 9.2, 8.5]",3.9,4.7,4.6,"[1.5, 1.8, 1.4, 2.9]",58.4,1
79,14996,48.0,"['L4R', 'L4V', '519']","['95', '98', 'PD553']","['98', '79', 'PD579']","[3.5, 10.3, 5.3]",9.3,11.4,2.8,"[1.6, 1.1, 2.4]",47.6,1
80,14996,53.0,"['406c', 'L1', 'L6', '325']","['PC162', '58', '41', 'PD350']","['PC1066', '41', '106', 'PD892']","[3.0, 6.7, 5.2, 8.5]",9.1,4.7,4.7,"[2.0, 2.6, 2.5, 4.4]",53.4,1
81,14996,86.0,"['428e', 'L3', '508']","['PB486', '108', 'PD111']","['PB1979', '117', 'PD530']","[17.6, 23.5, 11.4]",6.8,12.0,9.4,"[3.6, 3.3, 1.6]",89.1,1
82,14996,54.0,"['I10', 'L5R', '519']","['PI86', '76', 'PD427']","['PA191', '35', 'PD590']","[2.7, 12.3, 15.0]",2.0,11.3,2.8,"[6.7, 1.8, 1.4]",56.1,2
83,14996,53.0,"['E03', 'L4V', '516']","['PE421', '99', 'PD553']","['PE1296', '79', 'PD579']","[5.1, 8.7, 5.7]",9.0,11.4,4.4,"[3.5, 2.2, 1.1]",51.2,4
84,14996,64.0,"['411', 'L1', 'L6', '506v']","['PC335', '74', '41', 'PD115']","['PC203', '41', '105', 'PD590']","[22.0, 0.9, 7.0, 4.7]",5.7,11.3,5.6,"[1.9, 1.0, 1.1, 1.4]",62.5,1
85,14996,44.0,"['L5R', 'L6', '511']","['7', '61', 'PD115']","['61', '105', 'PD590']","[7.8, 2.4, 4.2]",8.7,11.3,4.8,"[1.1, 1.8, 1.7]",43.8,1
86,14996,60.0,"['MTN', 'L6', '126']","['PT0217', '102', 'PD529']","['PT0212', '105', 'PD83']","[13.1, 12.6, 2.2]",5.4,13.5,4.9,"[4.0, 1.9, 1.4]",59.0,2
87,14996,82.0,"['419', 'L5R', '519']","['PI491', '11', 'PD427']","['PI1463', '35', 'PD590']","[10.2, 31.1, 14.7]",4.6,11.3,4.0,"[1.1, 2.5, 2.2]",81.8,2
88,14996,47.0,"['E13', 'L4V', '516']","['PE99', '98', 'PD553']","['PE575', '79', 'PD579']","[7.8, 10.3, 5.7]",4.0,11.4,3.9,"[2.7, 3.1, 1.1]",49.9,1
89,14996,56.0,"['121', 'L5V', 'L6', '508']","['PA309', '78', '61', 'PD529']","['PA724', '61', '105', 'PD530']","[1.9, 14.3, 2.4, 3.0]",10.3,12.0,4.8,"[2.1, 2.4, 1.7, 1.1]",56.0,1
90,14996,94.0,"['109', 'L5R', 'L6', '126']","['PI194', '68', '61', 'PD529']","['PI106', '61', '105', 'PD83']","[18.0, 35.1, 2.4, 2.2]",9.8,13.5,6.3,"[1.6, 1.1, 3.1, 1.5]",94.5,1
91,14996,76.0,"['L5V', 'L6', '508']","['21', '61', 'PD529']","['61', '105', 'PD530']","[32.0, 2.4, 3.0]",16.2,12.0,4.0,"[1.7, 2.5, 1.9]",75.6,9
92,14996,53.0,"['L6', '126']","['102', 'PD529']","['105', 'PD83']","[12.6, 2.2]",20.4,13.5,4.0,"[3.0, 1.1]",56.9,1
93,14996,,[],[],[],[],,,,[],,
94,14996,34.0,"['L6', '506e']","['61', 'PD115']","['105', 'PD590']","[2.4, 3.8]",8.1,11.3,4.8,"[2.9, 1.6]",34.9,5
95,14996,29.0,['511'],['PD1319'],['PD590'],[12.9],6.9,11.3,0.0,[1.6],32.7,5
96,14996,40.0,"['126', '325']","['PC40', 'PD429']","['PD429', 'PD892']","[9.5, 11.3]",5.9,4.7,0.0,"[1.8, 5.1]",38.4,3
97,14996,61.0,"['B17', 'L2R', 'L3', '325']","['PB1297', '14', '12', 'PD111']","['PB755', '12', '117', 'PD892']","[3.5, 4.0, 11.8, 12.4]",5.3,4.7,5.6,"[1.0, 2.0, 2.7, 1.2]",54.2,1
98,14996,46.0,"['L2R', 'L6', '126']","['53', '29', 'PD529']","['29', '105', 'PD83']","[5.4, 7.3, 2.2]",7.4,13.5,4.0,"[4.0, 4.2, 1.2]",49.1,2
99,14996,65.0,"['C06', 'L4V', '506v']","['PB102', '93', 'PD553']","['PC738', '79', 'PD579']","[17.5, 11.1, 4.7]",14.9,11.4,4.8,"[1.0, 2.2, 1.4]",69.0,1
100,14996,56.0,"['L3', 'L5V', 'L6', '106']","['112', '75', '61', 'PD529']","['75', '61', '105', 'PD61']","[5.8, 9.5, 2.4, 2.7]",12.0,11.1,4.0,"[4.3, 1.7, 1.2, 2.4]",57.2,1
101,14996,56.0,"['H05', 'L2V', 'L6', '508', '325']","['PH539', '19', '29', 'PD529', 'PD530']","['PH127', '29', '105', 'PD530', 'PD892']","[4.7, 4.6, 7.3, 3.0, 1.5]",4.6,4.7,6.6,"[2.2, 3.3, 1.3, 3.5, 1.3]",48.7,2
102,14996,15.0,[],[],[],[],,,0.0,[],15.8,60
103,14996,40.0,"['L4V', '506']","['55', 'PD553']","['79', 'PD579']","[6.4, 5.0]",12.1,11.4,2.8,"[1.9, 1.6]",41.2,7
104,14996,62.0,"['E16', 'L4V', '507']","['PF137', '34', 'PD553']","['PF272', '79', 'PD579']","[15.7, 19.6, 5.5]",1.9,11.4,4.0,"[3.7, 3.4, 2.7]",67.8,1
105,14996,64.0,"['108', '106']","['PE1406', 'PD1374']","['PE33', 'PD98']","[14.9, 21.2]",10.8,10.6,2.1,"[1.4, 1.5]",62.5,1
106,14996,50.0,"['227', '225', '507c']","['PD1030', 'PD1379', 'PD553']","['PD1031', 'PD189', 'PD579']","[1.2, 14.4, 5.5]",6.2,11.4,5.8,"[1.3, 1.2, 1.3]",48.5,1
107,14996,38.0,"['D07', '212', '325']","['PD954', 'PD93', 'PD530']","['PD963', 'PD99', 'PD892']","[11.9, 6.6, 1.5]",4.7,4.7,2.9,"[4.7, 1.3, 1.3]",39.7,2
108,14996,57.0,"['121', 'L6', '126']","['PH374', '103', 'PD529']","['PH381', '105', 'PD83']","[9.1, 10.2, 2.2]",10.2,13.5,4.7,"[3.0, 3.0, 1.7]",57.6,1
109,14996,37.0,"['212', '325']","['PC25', 'PD81']","['PD81', 'PD892']","[12.0, 3.5]",6.2,4.7,0.0,"[4.2, 1.2]",31.9,2
110,14996,37.0,"['104', '325']","['PC26', 'PD351']","['PD79', 'PD892']","[9.8, 6.3]",11.8,4.7,1.0,"[2.1, 1.2]",36.8,1
111,14996,24.0,['325'],['PD638'],['PD915'],[5.2],9.9,3.6,0.0,[3.0],21.6,14
112,14996,27.0,['106'],['PD95'],['PD98'],[3.1],12.1,10.6,0.0,[1.1],26.9,2
113,14996,43.0,"['L5V', 'L6', '126']","['65', '61', 'PD529']","['61', '105', 'PD83']","[7.5, 2.4, 2.2]",8.0,13.5,4.0,"[1.1, 3.4, 1.3]",43.3,6
114,14996,60.0,"['MTN', 'L6', '126']","['PT0215', '102', 'PD529']","['PT0212', '105', 'PD83']","[9.8, 12.6, 2.2]",8.3,13.5,4.9,"[7.2, 2.0, 2.0]",62.5,2
115,14996,30.0,['506e'],['PD524'],['PD590'],[10.6],6.4,11.3,0.0,[1.1],29.5,3
116,14996,97.0,"['B12', 'B21', 'L3', 'D16']","['PB574', 'PB1922', '109', 'PD313']","['PB1922', 'PB964', '119', 'PI632']","[11.9, 24.6, 29.0, 6.9]",5.3,9.7,3.8,"[2.1, 1.1, 2.0, 3.0]",99.4,1
117,14996,35.0,"['L1', 'L6', '506']","['74', '41', 'PD115']","['41', '105', 'PD590']","[0.9, 7.0, 4.2]",2.6,11.3,4.8,"[1.2, 3.6, 1.7]",37.2,3
118,14996,43.0,"['H06', 'L6', '126']","['PH378', '103', 'PD529']","['PH381', '105', 'PD83']","[3.3, 10.2, 2.2]",0.9,13.5,4.7,"[1.1, 4.3, 2.3]",42.5,1
119,14996,29.0,['106'],['PD91'],['PD98'],[8.3],8.3,10.6,0.0,[2.5],29.7,6
120,14996,22.0,"['L6', '508']","['106', 'PD529']","['105', 'PD530']","[1.4, 2.2]",1.4,12.0,4.0,"[3.5, 2.5]",27.0,2
121,14996,58.0,"['101', 'L3', 'L5R', 'L6', '508']","['PB15', '111', '75', '61', 'PD529']","['PB16', '75', '61', '105', 'PD530']","[1.6, 7.9, 9.0, 2.4, 3.0]",5.9,12.0,5.9,"[1.2, 1.6, 2.0, 1.3, 1.4]",55.2,1
122,14996,49.0,"['L2V', 'L3', '325']","['13', '12', 'PD111']","['12', '117', 'PD892']","[2.4, 11.8, 12.4]",5.3,4.7,3.5,"[2.5, 4.7, 1.1]",48.4,5
123,14996,94.0,"['F24', 'L4V', '510']","['PF694', '34', 'PD553']","['PF746', '79', 'PD579']","[18.7, 19.6, 5.3]",23.0,11.4,4.8,"[1.1, 1.7, 1.2]",86.8,1
124,14996,71.0,"['307', 'L3', '506']","['PB426', '12', 'PA439']","['PA329', '116', 'PD590']","[12.9, 7.3, 17.1]",12.0,11.3,5.1,"[2.4, 1.2, 3.1]",72.3,2
125,14996,27.0,"['514', '325']","['PD317', 'PD351']","['PD318', 'PD892']","[1.9, 6.3]",2.2,4.7,5.1,"[1.6, 1.5]",23.3,1
126,14996,45.0,"['L1', 'L6', '511']","['93', '41', 'PD115']","['41', '105', 'PD590']","[1.0, 7.0, 4.2]",13.2,11.3,4.8,"[2.3, 2.0, 1.2]",47.0,1
127,14996,76.0,"['L5V', 'L6', '508']","['21', '61', 'PD529']","['61', '105', 'PD530']","[32.0, 2.4, 3.0]",16.2,12.0,4.0,"[1.4, 2.3, 3.3]",76.4,11
128,14996,32.0,['507'],['PA442'],['PD590'],[17.2],5.3,11.3,0.0,[3.0],36.8,3
129,14996,31.0,"['513', '212', '325']","['PD452', 'PD78', 'PD80']","['PD318', 'PD80', 'PD892']","[9.6, 1.9, 5.1]",3.0,4.7,2.6,"[1.8, 1.0, 1.3]",31.2,1
130,14996,29.0,"['D14', '325']","['PD1165', 'PD635']","['PD1171', 'PD915']","[6.5, 10.4]",0.4,3.6,0.9,"[3.0, 2.6]",27.3,1
131,14996,42.0,"['L6', '325']","['104', 'PD350']","['106', 'PD892']","[7.6, 8.7]",14.4,4.7,3.2,"[3.2, 3.3]",45.1,1
132,14996,81.0,"['I07', 'L5V', '519']","['PI258', '63', 'PD427']","['PI1651', '35', 'PD590']","[4.3, 26.5, 14.7]",12.1,11.3,4.3,"[1.1, 1.0, 1.1]",76.6,1
133,14996,59.0,"['C03', '405', '212', '325']","['PC1146', 'PC264', 'PC187', 'PD80']","['PC264', 'PC187', 'PD80', 'PD892']","[2.2, 8.5, 16.8, 5.0]",7.6,4.7,0.0,"[1.5, 2.5, 3.3, 1.4]",53.5,1
134,14996,54.0,"['E12', 'L4R', '514', '508', '325']","['PE323', '95', 'PD173', 'PD629', 'PD638']","['PE329', '52', 'PD629', 'PD638', 'PD915']","[5.9, 9.2, 1.5, 11.3, 5.2]",5.3,3.6,3.2,"[3.5, 2.9, 1.1, 1.4, 1.2]",55.1,1
135,14996,34.0,"['D18', '212', '325']","['PC1007', 'PD77', 'PD351']","['PD1295', 'PD79', 'PD892']","[8.6, 2.4, 6.3]",4.6,4.7,2.7,"[1.0, 1.5, 3.0]",34.8,1
136,14996,43.0,"['L6', '325']","['103', 'PD350']","['106', 'PD892']","[12.1, 8.7]",8.6,4.7,3.2,"[4.2, 1.4]",42.9,7
137,14996,53.0,"['E07', 'L4V', '510']","['PE554', '80', 'PD553']","['PE561', '79', 'PD579']","[8.3, 12.2, 5.8]",4.3,11.4,8.2,"[1.4, 2.9, 1.2]",55.7,1
138,14996,44.0,"['L4V', '507']","['36', 'PD553']","['79', 'PD579']","[15.3, 5.5]",5.2,11.4,2.8,"[1.5, 2.7]",44.4,8
139,14996,37.0,"['L4V', '506']","['8', 'PD553']","['79', 'PD579']","[7.7, 5.0]",9.3,11.4,2.8,"[1.0, 2.5]",39.6,3
140,14996,39.0,['212'],['PC22'],['PD83'],[18.4],4.5,13.5,0.0,[5.1],41.4,2
141,14996,21.0,['506v'],['PD116'],['PD590'],[2.5],6.0,11.3,0.0,[3.3],23.2,1
142,14996,46.0,"['412', 'L4R', 'L4V', '506']","['PD1199', '30', '24', 'PD553']","['PD407', '24', '79', 'PD579']","[3.1, 2.5, 3.0, 4.6]",6.4,11.4,5.8,"[3.0, 1.8, 1.3, 1.3]",44.0,1
143,14996,62.0,"['L5R', 'L3', '325']","['10', '75', 'PD350']","['75', '106', 'PD892']","[15.7, 11.9, 8.7]",9.0,4.7,3.2,"[1.2, 2.8, 2.3]",59.5,3
144,14996,73.0,"['I14', '115c', 'L6', '508']","['PI889', 'PI120', '101', 'PD529']","['PI1239', 'PI1623', '105', 'PD530']","[5.9, 11.1, 15.4, 3.0]",4.9,12.0,7.9,"[2.0, 3.7, 3.0, 2.2]",71.1,4
145,14996,89.0,"['506', 'L5V', 'L3', '325']","['PI488', '68', '35', 'PD350']","['PI230', '35', '106', 'PD892']","[19.4, 32.5, 3.7, 8.5]",3.6,4.7,4.6,"[1.8, 3.7, 1.1, 1.3]",85.0,2
146,14996,41.0,"['225', '507']","['PD283', 'PD553']","['PD176', 'PD579']","[7.7, 5.5]",9.3,11.4,4.3,"[1.4, 1.0]",40.5,1
147,14996,72.0,"['C22', 'L1', 'L4V', '507']","['PC762', '27', '93', 'PD553']","['PC906', '93', '79', 'PD579']","[17.1, 3.5, 11.1, 5.2]",11.3,11.4,7.5,"[8.6, 1.5, 1.1, 1.1]",79.5,1
148,14996,74.0,"['L5R', 'L3', '325']","['6', '35', 'PD111']","['35', '117', 'PD892']","[3.4, 1.9, 12.4]",40.0,4.7,3.5,"[1.6, 1.6, 1.9]",71.1,2
149,14996,61.0,"['117c', 'L4V', '506']","['PB104', '93', 'PD553']","['PC155', '79', 'PD579']","[15.6, 11.1, 5.0]",10.2,11.4,6.3,"[1.5, 2.0, 1.1]",64.2,1
150,14996,84.0,"['B18', 'L3', 'L6', '506e']","['PB1339', '108', '106', 'PD115']","['PB1000', '106', '105', 'PD590']","[14.6, 25.2, 1.4, 5.1]",4.8,11.3,12.1,"[3.5, 4.9, 2.0, 1.6]",86.4,1
151,14996,55.0,"['G01', 'L2V', 'L6', '506']","['PG667', '28', '29', 'PD115']","['PG669', '29', '105', 'PD590']","[2.1, 8.9, 7.3, 4.2]",6.6,11.3,5.5,"[1.4, 2.5, 2.3, 1.2]",53.3,2
152,14996,65.0,"['G04', 'L2V', 'L6', '506v']","['PG845', '39', '29', 'PD115']","['PG1583', '29', '105', 'PD590']","[15.9, 10.7, 7.3, 4.7]",1.2,11.3,7.8,"[1.3, 3.7, 1.2, 1.1]",66.3,1
153,14996,50.0,"['226', 'L4V', '516']","['PE242', '36', 'PD553']","['PE1342', '79', 'PD579']","[2.5, 15.3, 5.7]",2.9,11.4,3.6,"[1.0, 3.2, 1.7]",47.2,2
154,14996,65.0,"['323', 'L4V', '507']","['PE551', '80', 'PD553']","['PE561', '79', 'PD579']","[11.6, 12.2, 5.5]",15.0,11.4,8.2,"[3.6, 1.9, 1.5]",71.0,1
155,14996,70.0,"['L5V', 'L6', '508']","['63', '61', 'PD529']","['61', '105', 'PD530']","[29.1, 2.4, 3.0]",13.6,12.0,4.0,"[1.4, 3.5, 2.7]",71.6,9
156,14996,56.0,"['211', 'L4A', 'L4V', '516']","['PE174', '43', '99', 'PD553']","['PE177', '99', '79', 'PD579']","[3.6, 4.3, 8.7, 5.7]",7.6,11.4,3.8,"[1.9, 1.0, 1.9, 1.1]",51.0,1
157,14996,41.0,"['712', 'L4V', '507c']","['PE32', '55', 'PD553']","['PD85', '79', 'PD579']","[2.8, 6.4, 5.5]",3.3,11.4,4.8,"[2.6, 2.6, 1.5]",40.9,1
158,14996,38.0,['325'],['PD348'],['PD892'],[15.0],21.3,4.7,0.0,[1.1],42.2,1
159,14996,73.0,"['B06', 'L3', '519']","['PB1906', '109', 'PD427']","['PB964', '35', 'PD590']","[13.8, 20.9, 14.7]",3.1,11.3,2.3,"[1.9, 3.9, 1.5]",73.4,2
160,14996,54.0,"['L2R', 'L5R', '506']","['20', '4', 'PD524']","['4', '35', 'PD590']","[8.9, 8.6, 11.9]",7.2,11.3,3.9,"[3.3, 1.8, 2.2]",59.0,1
161,14996,66.0,"['223', 'L4A', 'L4V', '506']","['PG412', '39', '99', 'PD553']","['PG61', '99', '79', 'PD579']","[11.1, 10.6, 8.7, 5.0]",12.3,11.4,4.2,"[1.2, 1.3, 1.4, 1.0]",68.2,1
162,14996,49.0,"['E03', 'L4V', '506']","['PE373', '99', 'PD553']","['PE184', '79', 'PD579']","[3.2, 8.7, 5.0]",6.3,11.4,6.7,"[2.2, 2.3, 1.7]",47.4,4
163,14996,27.0,['325'],['PD111'],['PD892'],[12.4],3.7,4.7,0.0,[2.7],23.6,16
164,14996,59.0,"['F27', 'L4V', '507c']","['PF37', '34', 'PD553']","['PF311', '79', 'PD579']","[9.8, 19.6, 5.5]",2.4,11.4,4.6,"[1.4, 3.3, 1.3]",59.4,1
165,14996,8.0,[],[],[],[],,,0.0,[],8.3,60
166,14996,89.0,"['428e', 'L3', 'L2R', 'L6', '508']","['PB488', '108', '12', '29', 'PD529']","['PB1979', '12', '29', '105', 'PD530']","[10.8, 11.4, 8.4, 7.3, 3.0]",12.4,12.0,9.9,"[3.0, 4.2, 1.5, 1.6, 1.9]",87.4,1
167,14996,59.0,"['205c', 'L4V', '507']","['PF79', '66', 'PD553']","['PF81', '79', 'PD579']","[2.7, 21.6, 5.5]",9.7,11.4,3.8,"[1.6, 2.9, 1.1]",60.4,2
168,14996,47.0,"['117', '106']","['PD32', 'PD88']","['PD34', 'PD98']","[4.0, 13.4]",9.3,10.6,7.8,"[3.0, 1.4]",49.5,2
169,14996,50.0,"['226', 'L4V', '516']","['PE242', '36', 'PD553']","['PE1342', '79', 'PD579']","[2.5, 15.3, 5.7]",2.9,11.4,3.6,"[5.2, 3.6, 2.4]",52.5,1
170,14996,64.0,"['F06', 'L4A', 'L4V', '506']","['PG640', '39', '99', 'PD553']","['PG1583', '99', '79', 'PD579']","[9.4, 10.6, 8.7, 5.0]",3.3,11.4,5.9,"[1.2, 1.9, 3.8, 1.9]",63.1,1
171,14996,70.0,"['712', '106']","['PF12', 'PD85']","['PD85', 'PD98']","[24.0, 19.8]",12.5,10.6,0.0,"[4.8, 1.0]",72.7,1
172,14996,79.0,"['546e', 'L5R', 'L6', '508', '325']","['PI378', '68', '61', 'PD529', 'PD530']","['PI230', '61', '105', 'PD530', 'PD892']","[9.9, 35.1, 2.4, 3.0, 1.5]",2.1,4.7,5.4,"[3.6, 1.5, 1.5, 2.1, 1.5]",74.3,1
173,14996,52.0,"['233', 'L5V', 'L6', '106']","['PE1473', '42', '61', 'PD529']","['PE1490', '61', '105', 'PD61']","[6.2, 10.4, 2.4, 2.7]",5.7,11.1,6.6,"[2.0, 2.2, 2.9, 3.2]",55.5,1
174,14996,24.0,['325'],['PD638'],['PD915'],[5.2],9.9,3.6,0.0,[3.5],22.2,14
175,14996,91.0,"['B33', 'L3', '508']","['PB1005', '108', 'PD111']","['PB1979', '117', 'PD530']","[19.0, 23.5, 11.4]",8.7,12.0,9.4,"[8.2, 1.1, 1.5]",94.7,1
176,14996,81.0,"['423', 'L5V', '403', '325']","['PI576', '63', 'PD427', 'PD428']","['PI391', '35', 'PD428', 'PD892']","[11.6, 26.5, 1.0, 18.0]",2.5,4.7,4.4,"[3.5, 1.2, 1.0, 1.2]",75.8,1
177,14996,62.0,"['L1', 'L3', '325']","['60', '15', 'PD111']","['15', '117', 'PD892']","[14.1, 8.4, 12.4]",12.0,4.7,3.5,"[2.5, 2.6, 2.6]",62.9,3
178,14996,92.0,"['425', '428e', 'L3', 'L5R', 'L6', '508']","['PB1680', 'PB468', '108', '75', '61', 'PD529']","['PB468', 'PB1979', '75', '61', '105', 'PD530']","[22.5, 4.9, 12.9, 9.0, 2.4, 3.0]",2.3,12.0,9.9,"[1.2, 1.1, 2.1, 1.3, 1.6, 1.4]",87.7,2
179,14996,77.0,"['E07', 'L4V', '506v']","['PE403', '80', 'PD553']","['PE561', '79', 'PD579']","[16.2, 12.2, 5.4]",18.0,11.4,8.2,"[1.7, 3.3, 2.8]",79.3,1
180,14996,49.0,"['L2R', 'L6', '511']","['14', '29', 'PD115']","['29', '105', 'PD590']","[12.4, 7.3, 4.2]",3.8,11.3,4.8,"[2.0, 4.0, 1.1]",50.9,1
181,14996,28.0,['325'],['PD635'],['PD915'],[10.4],11.2,3.6,0.0,[3.7],28.9,14
182,14996,50.0,"['L2V', 'L6', '511']","['25', '29', 'PD115']","['29', '105', 'PD590']","[15.7, 7.3, 4.2]",3.7,11.3,4.8,"[4.0, 2.7, 1.2]",54.7,1
183,14996,77.0,"['I25', 'L6', '106']","['PI1154', '101', 'PD529']","['PI1375', '105', 'PD83']","[25.7, 15.4, 2.1]",13.5,13.5,5.9,"[1.6, 3.7, 2.7]",84.2,1
184,14996,76.0,"['I20', 'L5V', 'L6', '106']","['PI583', '63', '61', 'PD529']","['PI1024', '61', '105', 'PD83']","[6.7, 29.1, 2.4, 2.1]",5.9,13.5,6.8,"[4.7, 2.4, 3.4, 2.1]",79.2,1
185,14996,39.0,"['L1', 'L6', '325']","['32', '41', 'PD350']","['41', '106', 'PD892']","[2.4, 5.2, 8.5]",5.8,4.7,3.2,"[1.0, 5.5, 2.3]",38.7,7
186,14996,32.0,['325'],['PD631'],['PD915'],[15.6],7.2,3.6,0.0,[2.4],28.8,8
187,14996,20.0,['D16'],['PI631'],['PI632'],[1.2],7.9,9.7,0.0,[1.5],20.2,4
188,14996,,"['B13', '307', '308c', 'L3', 'L5R', 'L6', '126']","['PB1944', 'PB546', 'PB554', '108', '75', '61', 'PD529']","['PB546', 'PB548', 'PB1988', '75', '61', '105', 'PD83']","[15.3, 2.6, 12.1, 12.9, 9.0, 2.4, 2.2]",25.4,13.5,9.4,"[2.4, 1.1, 4.4, 1.0, 2.2, 2.4, 1.1]",119.2,1
189,14996,77.0,"['421', 'L5V', 'L3', '325']","['PI653', '68', '75', 'PD111']","['PI386', '75', '117', 'PD892']","[4.6, 25.6, 10.1, 12.1]",4.6,4.7,5.8,"[3.9, 1.7, 1.2, 1.9]",76.2,1
190,14996,82.0,"['F08', 'F13c', 'L4V', '516']","['PF408', 'PF2', '22', 'PD553']","['PF2', 'PF594', '79', 'PD579']","[7.9, 11.4, 18.1, 5.4]",15.5,11.4,4.4,"[1.5, 3.8, 2.2, 1.2]",82.6,2
191,14996,75.0,"['G09', 'MTN', 'L6', '507c']","['PG1024', 'PT0217', '102', 'PD115']","['PG1027', 'PT0212', '105', 'PD590']","[3.3, 13.1, 12.6, 4.9]",6.4,11.3,12.6,"[4.2, 2.6, 4.0, 1.0]",76.2,1
192,14996,42.0,"['L5V', 'L3', '325']","['18', '35', 'PD350']","['35', '106', 'PD892']","[5.3, 3.7, 8.7]",10.5,4.7,3.2,"[2.8, 3.4, 2.1]",44.4,2
193,14996,98.0,"['B18e', 'L3', '519']","['PB1876', '108', 'PD427']","['PB1979', '35', 'PD590']","[16.7, 21.2, 14.7]",16.8,11.3,6.7,"[1.5, 3.2, 1.6]",93.9,3
194,14996,94.0,"['E11', 'E02', 'L4V', '519']","['PF408', 'PE346', '36', 'PD553']","['PE346', 'PE1259', '79', 'PD579']","[17.4, 3.4, 15.3, 5.3]",27.8,11.4,3.5,"[3.4, 1.0, 2.3, 1.2]",91.9,1
195,14996,79.0,"['I12', 'L5R', 'L6', '508']","['PI382', '68', '61', 'PD529']","['PI148', '61', '105', 'PD530']","[5.1, 35.1, 2.4, 3.0]",7.2,12.0,5.2,"[2.1, 2.0, 3.0, 3.6]",80.8,1
196,14996,66.0,"['F20', 'L4V', '510']","['PF74', '34', 'PD553']","['PF272', '79', 'PD579']","[5.4, 19.6, 5.8]",13.8,11.4,4.0,"[3.1, 2.8, 1.7]",67.6,1
197,14996,76.0,"['J19', 'L5R', 'L3', 'L6', '106']","['PJ544', '10', '75', '106', 'PD529']","['PI749', '75', '106', '105', 'PD83']","[15.5, 15.7, 11.9, 1.4, 2.1]",2.8,13.5,5.8,"[1.0, 2.6, 1.0, 1.2, 1.9]",76.3,1
198,14996,117.0,"['113e', '115c', 'L6', '126']","['PI268', 'PI1492', '101', 'PD529']","['PI273', 'PI1623', '105', 'PD83']","[10.0, 31.4, 15.4, 2.2]",19.7,13.5,7.9,"[5.0, 2.8, 1.6, 1.5]",111.1,1
199,14996,57.0,"['G18', 'L2V', 'L6', '508', '325']","['PG1339', '39', '29', 'PD529', 'PD530']","['PG8', '29', '105', 'PD530', 'PD892']","[6.2, 10.7, 7.3, 3.0, 1.5]",5.1,4.7,5.7,"[4.6, 1.8, 1.5, 3.7, 1.5]",57.3,1
200,14996,69.0,"['J18', 'L5R', 'L6', '507c']","['PJ645', '91', '61', 'PD115']","['PJ618', '61', '105', 'PD590']","[11.3, 20.5, 2.4, 4.8]",4.9,11.3,5.9,"[1.1, 1.3, 1.3, 2.3]",67.1,1
201,14996,68.0,"['D16', '325']","['PE1504', 'PD910']","['PD87', 'PD915']","[28.2, 19.6]",21.9,3.6,1.5,"[1.6, 1.2]",77.5,2
202,14996,79.0,"['B05', 'L3', '325']","['PB1879', '108', 'PD111']","['PB1982', '117', 'PD892']","[8.1, 23.5, 12.1]",18.0,4.7,7.8,"[1.9, 1.9, 4.0]",82.0,2
203,14996,54.0,"['L5V', 'L3', '325']","['91', '35', 'PD111']","['35', '117', 'PD892']","[18.4, 1.9, 12.1]",6.6,4.7,3.5,"[2.4, 1.1, 3.4]",54.1,1
204,14996,57.0,"['302', 'L2V', 'L6', '106']","['PG390', '39', '29', 'PD529']","['PG264', '29', '105', 'PD83']","[4.1, 10.7, 7.3, 2.1]",3.7,13.5,6.7,"[1.5, 3.0, 2.6, 3.2]",58.5,1
205,14996,61.0,"['E11', 'L4R', 'L4V', '506v']","['PE728', '49', '98', 'PD553']","['PE332', '98', '79', 'PD579']","[9.4, 6.2, 10.3, 4.7]",7.4,11.4,4.0,"[2.5, 2.6, 1.8, 1.5]",61.8,3
206,14996,60.0,"['502', '313e', 'L5V', '506v']","['PJ279', 'PJ1774', '31', 'PD524']","['PJ284', 'PJ97', '35', 'PD590']","[4.2, 2.7, 13.7, 13.3]",3.0,11.3,8.0,"[2.3, 1.4, 1.9, 2.3]",63.9,1
207,14996,80.0,"['I11', 'L5R', 'L6', '508']","['PI1816', '68', '61', 'PD529']","['PI1396', '61', '105', 'PD530']","[2.9, 35.1, 2.4, 3.0]",11.5,12.0,5.1,"[1.5, 1.7, 3.0, 1.4]",79.5,2
208,14996,75.0,"['C16', 'L1', 'L6', '508']","['PC1237', '40', '41', 'PD529']","['PC1067', '41', '105', 'PD530']","[28.0, 9.9, 7.0, 3.0]",2.9,12.0,5.3,"[2.3, 1.8, 4.2, 2.0]",78.4,1
209,14996,75.0,"['G08v', 'MTN', 'L6', '106']","['PB1532', 'PT0216', '102', 'PD529']","['PG525', 'PT0212', '105', 'PD61']","[7.8, 11.7, 12.6, 2.7]",1.8,11.1,14.2,"[4.5, 2.5, 1.2, 5.3]",75.3,1
210,14996,64.0,"['107c', 'L3', '325']","['PB2023', '111', 'PD350']","['PB35', '106', 'PD892']","[9.8, 20.2, 8.7]",6.1,4.7,4.5,"[2.9, 4.3, 2.1]",63.3,1
211,14996,96.0,"['110c', 'L5R', '507c']","['PB1518', '73', 'PD524']","['PJ69', '35', 'PD590']","[31.5, 20.6, 13.6]",11.1,11.3,5.2,"[1.9, 2.4, 1.1]",98.7,1
212,14996,71.0,"['514', '486', 'L5R', 'L6', '508']","['PJ887', 'PJ118', '73', '61', 'PD529']","['PJ888', 'PJ124', '61', '105', 'PD530']","[1.4, 9.6, 22.7, 2.4, 3.0]",4.4,12.0,6.7,"[1.7, 1.0, 1.7, 1.0, 1.7]",69.3,1
213,14996,58.0,"['210v', 'L1', 'L3', '325']","['PI1840', '97', '15', 'PD350']","['PI341', '15', '106', 'PD892']","[6.6, 7.3, 10.2, 8.5]",4.6,4.7,4.0,"[1.7, 2.7, 2.3, 1.1]",53.5,2
214,14996,49.0,"['L2V', 'L6', '325']","['28', '29', 'PD350']","['29', '106', 'PD892']","[8.9, 9.2, 8.7]",6.5,4.7,3.2,"[3.1, 2.3, 2.5]",49.0,6
215,14996,69.0,"['B28', 'L5V', 'L6', '106']","['PB2012', '31', '61', 'PD529']","['PJ97', '61', '105', 'PD61']","[19.7, 16.3, 2.4, 2.7]",2.3,11.1,6.3,"[1.6, 1.2, 1.3, 4.0]",68.9,1
216,14996,65.0,"['J02', 'J01', 'L5R', 'L6', '506']","['PJ664', 'PJ615', '91', '61', 'PD115']","['PJ615', 'PJ1552', '61', '105', 'PD590']","[3.7, 4.0, 20.5, 2.4, 4.2]",4.1,11.3,7.1,"[1.5, 1.2, 1.4, 1.3, 1.7]",64.3,1
217,14996,62.0,"['F14', 'L4V', '506']","['PF606', '34', 'PD553']","['PF272', '79', 'PD579']","[12.6, 19.6, 5.0]",2.3,11.4,4.0,"[2.7, 3.7, 1.2]",62.5,9
218,14996,52.0,"['L4A', 'L4V', '507']","['81', '99', 'PD553']","['99', '79', 'PD579']","[8.2, 8.7, 5.5]",9.1,11.4,2.8,"[3.0, 3.0, 1.2]",53.0,6
219,14996,60.0,"['I01', 'L6', '508']","['PI1382', '101', 'PD529']","['PI1819', '105', 'PD530']","[5.0, 15.4, 2.2]",7.3,12.0,7.6,"[1.5, 3.8, 4.0]",59.0,1
220,14996,50.0,"['504', '216', 'L4V', '506']","['PC459', 'PC111', '86', 'PD553']","['PC484', 'PD186', '79', 'PD579']","[6.4, 7.6, 4.5, 4.6]",3.4,11.4,4.4,"[4.1, 1.7, 1.3, 1.9]",51.3,1
221,14996,,[],[],[],[],,,,[],,
222,14996,63.0,"['422c', 'L5R', 'L3', '325']","['PJ121', '73', '75', 'PD350']","['PJ124', '75', '106', 'PD892']","[5.3, 13.7, 11.9, 8.5]",4.9,4.7,4.6,"[1.4, 2.4, 1.9, 1.5]",60.8,1
223,14996,60.0,"['428c', 'L2V', 'L6', '508']","['PG251', '39', '29', 'PD529']","['PG1583', '29', '105', 'PD530']","[5.5, 10.7, 7.3, 3.0]",5.3,12.0,7.1,"[2.4, 2.6, 2.8, 2.0]",60.6,4
224,14996,89.0,"['315e', '308c', 'L3', 'L6', '508']","['PB1253', 'PB554', '108', '106', 'PD529']","['PB548', 'PB1988', '106', '105', 'PD530']","[8.2, 15.1, 25.2, 1.4, 3.0]",5.6,12.0,9.4,"[2.7, 1.5, 1.9, 1.7, 2.1]",89.8,1
225,14996,78.0,"['J15c', 'L5V', '519']","['PJ259', '73', 'PD427']","['PJ987', '35', 'PD590']","[20.7, 20.6, 14.7]",3.6,11.3,3.1,"[1.7, 1.3, 1.9]",79.0,2
226,14996,89.0,"['E11', '210v', 'L4V', '506']","['PF408', 'PE340', '36', 'PD553']","['PE340', 'PE143', '79', 'PD579']","[9.0, 11.6, 15.3, 4.6]",23.7,11.4,3.5,"[7.6, 2.0, 2.4, 1.9]",93.2,1
227,14996,77.0,"['G14', 'MTN', 'L6', '506']","['PG374', 'PT0215', '102', 'PD115']","['PG1942', 'PT0212', '105', 'PD590']","[8.7, 9.8, 12.6, 4.2]",6.4,11.3,8.4,"[3.3, 2.9, 4.9, 2.1]",74.6,1
228,14996,62.0,"['F20', 'L4V', '506v']","['PF70', '34', 'PD553']","['PF272', '79', 'PD579']","[10.9, 19.6, 5.4]",6.2,11.4,4.0,"[1.4, 2.2, 1.0]",62.0,1
229,14996,61.0,"['E16', 'L4A', 'L4V', '516']","['PE715', '92', '99', 'PD553']","['PE172', '99', '79', 'PD579']","[11.0, 6.6, 8.7, 5.4]",3.3,11.4,5.4,"[2.1, 5.3, 1.5, 1.9]",62.6,1
230,14996,34.0,"['L4V', '507c']","['86', 'PD553']","['79', 'PD579']","[4.5, 5.5]",9.3,11.4,2.8,"[1.4, 1.5]",36.4,3
231,14996,32.0,"['212', '325']","['PD1629', 'PD81']","['PD81', 'PD892']","[6.1, 3.5]",9.6,4.7,0.0,"[1.3, 1.2]",26.4,2
232,14996,84.0,"['I04c', 'L5R', 'L3', '325']","['PI277', '68', '75', 'PD111']","['PI1332', '75', '117', 'PD892']","[14.2, 26.1, 10.1, 12.1]",4.0,4.7,6.7,"[2.0, 1.7, 1.1, 2.1]",84.8,1
233,14996,92.0,"['B33', 'L3', '508']","['PB1218', '108', 'PD111']","['PB1979', '117', 'PD530']","[11.0, 23.5, 11.4]",20.2,12.0,9.4,"[2.8, 2.7, 2.9]",95.9,1
234,14996,65.0,"['I04', '107', 'L6', '506']","['PI895', 'PI51', '101', 'PD115']","['PI900', 'PI1375', '105', 'PD590']","[3.9, 5.5, 15.4, 4.2]",3.5,11.3,8.2,"[2.1, 2.1, 3.9, 1.5]",61.6,2
235,14996,63.0,"['107', 'L3', '325']","['PB32', '111', 'PD428']","['PB35', '35', 'PD892']","[3.2, 16.2, 18.0]",9.9,4.7,4.6,"[1.2, 1.3, 1.3]",60.5,1
236,14996,85.0,"['315c', 'L3', '325']","['PB1882', '108', 'PD428']","['PB1988', '35', 'PD892']","[15.1, 21.2, 18.0]",14.3,4.7,7.7,"[1.6, 2.0, 2.4]",86.9,1
237,14996,62.0,"['L2V', 'L3', '325']","['5', '12', 'PD350']","['12', '106', 'PD892']","[9.7, 13.5, 8.7]",11.6,4.7,3.2,"[2.8, 2.4, 1.3]",58.0,3
238,14996,80.0,"['MTN', 'L6', '519']","['PT0217', '102', 'PD115']","['PT0212', '105', 'PD590']","[13.1, 12.6, 5.0]",31.3,11.3,5.7,"[1.1, 1.4, 1.0]",82.5,2
239,14996,52.0,"['206c', 'L6', '106']","['PH156', '104', 'PD529']","['PH161', '105', 'PD61']","[7.1, 5.7, 2.7]",10.3,11.1,7.1,"[3.1, 4.7, 3.0]",54.8,1
240,14996,78.0,"['I24', 'L5V', '506']","['PI382', '68', 'PD524']","['PI148', '35', 'PD590']","[3.8, 32.5, 11.9]",7.2,11.3,5.1,"[2.1, 2.1, 1.3]",77.3,1
241,14996,56.0,"['212', 'L4A', 'L4V', '516']","['PG91', '92', '99', 'PD553']","['PG95', '99', '79', 'PD579']","[7.4, 6.6, 8.7, 5.4]",3.3,11.4,4.8,"[3.3, 3.7, 3.7, 1.0]",59.3,1
242,14996,78.0,"['I11', 'L5V', 'L3', '325']","['PI382', '68', '75', 'PD111']","['PI148', '75', '117', 'PD892']","[6.8, 25.6, 10.1, 12.1]",7.2,4.7,4.7,"[3.7, 1.4, 1.9, 1.0]",79.0,1
243,14996,56.0,"['E18', 'L4A', 'L4V', '507']","['PE1366', '43', '99', 'PD553']","['PE261', '99', '79', 'PD579']","[8.1, 4.3, 8.7, 5.5]",1.8,11.4,5.9,"[2.0, 4.6, 1.6, 1.4]",55.3,1
244,14996,75.0,"['L5R', 'L3', '325']","['68', '35', 'PD111']","['35', '117', 'PD892']","[33.0, 1.9, 12.1]",13.9,4.7,3.5,"[1.0, 2.2, 1.7]",74.0,1
245,14996,78.0,"['303', 'B07', 'L3', '325']","['PB1905', 'PB416', '108', 'PD111']","['PB416', 'PB1986', '117', 'PD892']","[8.5, 7.4, 23.5, 12.4]",6.1,4.7,6.3,"[1.6, 1.3, 1.2, 2.4]",75.6,1
246,14996,66.0,"['C16', 'L1', 'L6', '325']","['PC329', '40', '41', 'PD350']","['PC1067', '41', '106', 'PD892']","[11.7, 9.9, 5.2, 8.7]",10.9,4.7,4.5,"[1.2, 2.0, 4.8, 4.0]",67.7,1
247,14996,62.0,"['423', 'L1', 'L2R', 'L6', '508']","['PI396', '50', '44', '29', 'PD529']","['PI470', '44', '29', '105', 'PD530']","[7.3, 8.6, 4.3, 7.3, 3.0]",4.8,12.0,5.9,"[1.5, 1.1, 2.5, 1.8, 2.4]",62.5,1
248,14996,28.0,['511'],['PD553'],['PD556'],[5.4],9.9,12.6,0.0,[1.8],29.7,1
249,14996,97.0,"['B12', 'L3', 'L6', '126']","['PB1006', '109', '106', 'PD529']","['PB1222', '106', '105', 'PD83']","[24.9, 24.9, 1.4, 2.2]",17.6,13.5,6.7,"[1.8, 2.4, 2.0, 1.0]",98.3,1
250,14996,90.0,"['I08', 'L5V', '325']","['PI777', '21', 'PD428']","['PI1040', '35', 'PD892']","[8.2, 29.4, 18.0]",9.8,4.7,11.7,"[4.0, 2.7, 1.1]",89.6,1
251,14996,57.0,"['F13c', 'L4V', '506']","['PF440', '22', 'PD553']","['PF594', '79', 'PD579']","[4.0, 18.1, 4.6]",8.9,11.4,4.4,"[1.0, 1.2, 1.1]",54.7,1
252,14996,61.0,"['E03', 'L4V', '506']","['PE411', '99', 'PD553']","['PE1296', '79', 'PD579']","[18.2, 8.7, 5.0]",7.2,11.4,4.4,"[1.7, 3.8, 2.2]",62.7,1
253,14996,75.0,"['422', 'L5R', '506']","['PJ1702', '73', 'PD524']","['PJ124', '35', 'PD590']","[15.0, 20.6, 11.9]",6.1,11.3,5.3,"[1.3, 2.2, 1.0]",74.6,1
254,14996,60.0,"['L3', 'L6', '106']","['110', '106', 'PD529']","['106', '105', 'PD61']","[22.6, 1.4, 2.7]",11.5,11.1,4.0,"[2.6, 1.3, 1.5]",58.6,4
255,14996,71.0,"['G15', '216', 'L4A', 'L4V', '506v']","['PG1244', 'PG138', '92', '99', 'PD553']","['PG1248', 'PE187', '99', '79', 'PD579']","[5.5, 8.6, 6.6, 8.7, 4.7]",1.8,11.4,10.1,"[1.9, 1.7, 1.3, 1.2, 1.2]",64.8,1
256,14996,68.0,"['E03', 'L4V', '516']","['PE1493', '99', 'PD553']","['PE1296', '79', 'PD579']","[29.5, 8.7, 5.4]",2.8,11.4,4.4,"[2.9, 1.7, 2.4]",69.2,3
257,14996,68.0,"['E03', 'L4V', '516']","['PE1493', '99', 'PD553']","['PE1296', '79', 'PD579']","[29.5, 8.7, 5.4]",2.8,11.4,4.4,"[1.4, 1.8, 1.6]",67.0,2
258,14996,104.0,"['113', '115c', 'L6', '325']","['PI270', 'PI274', '101', 'PD350']","['PI274', 'PI1623', '106', 'PD892']","[12.5, 36.7, 17.3, 8.5]",6.1,4.7,5.3,"[1.1, 2.1, 3.8, 1.5]",99.8,1
259,14996,34.0,['D16'],['PD690'],['PD914'],[21.3],9.2,8.9,0.0,[1.5],40.9,5
260,14996,96.0,"['506e', 'L5V', '519']","['PI528', '68', 'PC1044']","['PI230', '87', 'PD590']","[19.3, 31.1, 17.9]",10.1,11.3,2.7,"[5.8, 2.0, 1.5]",101.7,1
261,14996,58.0,"['L3', 'L6', '126']","['111', '106', 'PD529']","['106', '105', 'PD83']","[20.2, 1.4, 2.2]",13.1,13.5,4.0,"[1.5, 1.0, 1.9]",58.8,1
262,14996,56.0,"['L1', 'L5V', '519']","['85', '6', 'PD427']","['6', '35', 'PD590']","[1.1, 3.4, 15.0]",20.6,11.3,0.8,"[1.2, 1.4, 1.6]",56.6,2
263,14996,91.0,"['313e', '308c', 'L3', '508']","['PB1621', 'PB554', '108', 'PD111']","['PB548', 'PB1988', '117', 'PD530']","[7.4, 15.1, 23.5, 11.4]",4.6,12.0,8.8,"[7.2, 2.7, 2.6, 1.1]",96.4,1
264,14996,67.0,"['H06', 'MTN', 'L6', '507']","['PH284', 'PT0214', '102', 'PD115']","['PH563', 'PT0212', '105', 'PD590']","[8.4, 4.6, 12.6, 5.3]",8.1,11.3,7.8,"[3.4, 1.6, 4.3, 1.6]",69.1,1
265,14996,54.0,"['C20', 'L1', 'L6', '506v']","['PC965', '27', '41', 'PD115']","['PC906', '41', '105', 'PD590']","[4.3, 4.9, 7.0, 4.7]",6.4,11.3,9.5,"[1.7, 2.6, 2.3, 2.0]",56.8,1
266,14996,55.0,"['329', 'L5V', 'L6', '325']","['PE838', '65', '61', 'PD350']","['PE1', '61', '106', 'PD892']","[5.9, 7.5, 4.3, 8.7]",3.4,4.7,5.6,"[1.5, 2.9, 2.8, 1.6]",48.8,2
267,14996,48.0,"['345', 'L6', '106']","['PA281', '103', 'PD529']","['PH293', '105', 'PD61']","[7.0, 10.2, 2.7]",3.1,11.1,5.0,"[2.2, 1.1, 2.3]",44.7,2
268,14996,80.0,"['108', 'L5V', '519']","['PI99', '68', 'PD427']","['PI106', '35', 'PD590']","[10.4, 32.5, 14.7]",1.8,11.3,3.1,"[4.4, 1.4, 1.0]",80.7,1
269,14996,46.0,"['C07', 'L4V', '506']","['PC106', '8', 'PD553']","['PC618', '79', 'PD579']","[12.8, 7.7, 4.6]",2.0,11.4,4.4,"[1.3, 2.8, 1.1]",48.2,1
270,14996,43.0,"['D16', '325']","['PD144', 'PD911']","['PD911', 'PD915']","[11.8, 18.3]",4.2,3.6,0.0,"[3.2, 1.8]",42.9,2
271,14996,64.0,"['502', '216', 'L3', 'D16']","['PC251', 'PC101', '24', 'PD313']","['PC256', 'PD187', '119', 'PI632']","[5.7, 23.9, 1.5, 6.9]",2.6,9.7,7.3,"[1.3, 4.1, 1.0, 1.0]",65.0,1
272,14996,116.0,"['B13', '307e', '308c', 'L3', 'L5R', 'L6', '508']","['PB1944', 'PB546', 'PB1882', '108', '75', '61', 'PD529']","['PB546', 'PB1882', 'PB1988', '75', '61', '105', 'PD530']","[19.5, 4.6, 13.3, 12.9, 9.0, 2.4, 3.0]",14.8,12.0,8.4,"[2.1, 1.2, 1.2, 2.5, 1.8, 1.1, 1.3]",111.1,1
273,14996,79.0,"['B21', 'L3', 'D16']","['PB1916', '109', 'PD313']","['PB964', '119', 'PI632']","[21.5, 29.0, 6.9]",2.6,9.7,3.8,"[4.7, 3.3, 1.4]",82.9,1
274,14996,58.0,"['203e', 'L4A', 'L4V', '506']","['PE71', '92', '99', 'PD553']","['PE114', '99', '79', 'PD579']","[4.3, 6.6, 8.7, 4.6]",8.6,11.4,4.9,"[1.6, 1.5, 2.4, 2.4]",57.0,1
275,14996,79.0,"['J07e', 'L5V', 'L3', '325']","['PJ1720', '73', '35', 'PD350']","['PJ987', '35', '106', 'PD892']","[11.9, 20.6, 3.7, 8.7]",6.3,4.7,5.5,"[6.1, 1.0, 1.2, 1.5]",71.3,1
276,14996,83.0,"['C09', 'C13', 'L1', 'L6', '506v']","['PC811', 'PC291', '40', '41', 'PD115']","['PC844', 'PC1067', '41', '105', 'PD590']","[4.8, 17.2, 9.9, 7.0, 4.7]",6.3,11.3,10.8,"[1.7, 1.7, 2.4, 2.5, 1.7]",82.0,1
277,14996,60.0,"['D02', 'L3', 'D16']","['PD1013', '120', 'PD313']","['PD448', '119', 'PI632']","[11.2, 1.8, 6.9]",18.8,9.7,4.1,"[2.3, 2.0, 1.9]",58.6,1
